feature,family,used_by,created_by,meaning_short
additionalProperties_mode,object_constraints,outlines/over;outlines/under;xgr/over;xgr/under,analyze_refined_features.py:analyze_schema/analyze_instance,Feature derivee utilisee par au moins un modele predictif.
additionalProperties_value,object_constraints,outlines/over;xgr/over,analyze_refined_features.py:analyze_schema/analyze_instance,Feature derivee utilisee par au moins un modele predictif.
allOf_branch_count,combinators,xgr/under,analyze_refined_features.py:analyze_schema/analyze_instance,nombre total de branches dans les blocs `allOf` du schema.
allOf_count,combinators,outlines/over;xgr/over;xgr/under,analyze_refined_features.py:analyze_schema/analyze_instance,nombre d'occurrences du mot-cle `allOf` dans le schema.
allOf_failed_branch_count_for_instance,combinators,xgr/under,analyze_refined_features.py:analyze_schema/analyze_instance,Feature derivee utilisee par au moins un modele predictif.
allOf_is_satisfied_for_instance,combinators,guidance/over;outlines/over;outlines/under;xgr/over;xgr/under,analyze_refined_features.py:analyze_schema/analyze_instance,indicateur binaire : toutes les occurrences `allOf` observees sont satisfaites par l'instance.
allOf_occurrence_failed_count,combinators,guidance/over;outlines/over;outlines/under;xgr/over;xgr/under,analyze_refined_features.py:analyze_schema/analyze_instance,Feature derivee utilisee par au moins un modele predictif.
allOf_occurrence_satisfied_count,combinators,guidance/over;outlines/over;outlines/under;xgr/over;xgr/under,analyze_refined_features.py:analyze_schema/analyze_instance,Feature derivee utilisee par au moins un modele predictif.
allOf_ratio_avg,combinators,guidance/over;outlines/over;outlines/under;xgr/over;xgr/under,analyze_refined_features.py:analyze_schema/analyze_instance,"moyenne des ratios branches satisfaites / branches totales, calculee occurrence par occurrence pour `allOf`."
allOf_ratio_max,combinators,guidance/over;outlines/over;outlines/under;xgr/over;xgr/under,analyze_refined_features.py:analyze_schema/analyze_instance,Feature derivee utilisee par au moins un modele predictif.
allOf_ratio_min,combinators,guidance/over;outlines/over;outlines/under;xgr/over;xgr/under,analyze_refined_features.py:analyze_schema/analyze_instance,Feature derivee utilisee par au moins un modele predictif.
allOf_satisfied_branch_count,combinators,xgr/over,analyze_refined_features.py:analyze_schema/analyze_instance,Feature derivee utilisee par au moins un modele predictif.
anyOf_branch_count,combinators,outlines/under;xgr/under,analyze_refined_features.py:analyze_schema/analyze_instance,Feature derivee utilisee par au moins un modele predictif.
anyOf_count,combinators,outlines/over,analyze_refined_features.py:analyze_schema/analyze_instance,Feature derivee utilisee par au moins un modele predictif.
anyOf_is_satisfied_for_instance,combinators,guidance/over;outlines/over;outlines/under;xgr/over;xgr/under,analyze_refined_features.py:analyze_schema/analyze_instance,indicateur binaire : toutes les occurrences `anyOf` observees satisfont au moins une branche.
anyOf_occurrence_failed_count,combinators,outlines/over;outlines/under;xgr/over;xgr/under,analyze_refined_features.py:analyze_schema/analyze_instance,Feature derivee utilisee par au moins un modele predictif.
anyOf_occurrence_satisfied_count,combinators,guidance/over;outlines/over;outlines/under;xgr/over;xgr/under,analyze_refined_features.py:analyze_schema/analyze_instance,Feature derivee utilisee par au moins un modele predictif.
anyOf_ratio_avg,combinators,guidance/over;outlines/over;outlines/under;xgr/over;xgr/under,analyze_refined_features.py:analyze_schema/analyze_instance,"moyenne des ratios branches satisfaites / branches totales, calculee occurrence par occurrence pour `anyOf`."
anyOf_ratio_max,combinators,guidance/over;outlines/over;outlines/under;xgr/over;xgr/under,analyze_refined_features.py:analyze_schema/analyze_instance,Feature derivee utilisee par au moins un modele predictif.
anyOf_ratio_min,combinators,guidance/over;outlines/over;outlines/under;xgr/over;xgr/under,analyze_refined_features.py:analyze_schema/analyze_instance,Feature derivee utilisee par au moins un modele predictif.
anyOf_satisfied_all_branch_count,combinators,guidance/over;outlines/over;outlines/under;xgr/over;xgr/under,analyze_refined_features.py:analyze_schema/analyze_instance,Feature derivee utilisee par au moins un modele predictif.
any_visited_type_mismatch,schema_complexity,outlines/under;xgr/under,analyze_refined_features.py:analyze_schema/analyze_instance,Booleen: au moins une verification type visitee ne correspond pas a l instance; ce n est pas un echec global sous anyOf/oneOf/not.
array_context_count,array_constraints,guidance/over;outlines/under;xgr/over;xgr/under,analyze_refined_features.py:analyze_schema/analyze_instance,Feature derivee utilisee par au moins un modele predictif.
array_has_maxItems,array_constraints,outlines/under,analyze_refined_features.py:analyze_schema/analyze_instance,Feature derivee utilisee par au moins un modele predictif.
array_has_minItems,array_constraints,guidance/over;outlines/under;xgr/over;xgr/under,analyze_refined_features.py:analyze_schema/analyze_instance,Feature derivee utilisee par au moins un modele predictif.
array_has_min_and_max_items,array_constraints,xgr/over,analyze_refined_features.py:analyze_schema/analyze_instance,Feature derivee utilisee par au moins un modele predictif.
array_invalid_items_count,array_constraints,outlines/under;xgr/under,analyze_refined_features.py:analyze_schema/analyze_instance,Feature derivee utilisee par au moins un modele predictif.
array_items_kind,array_constraints,guidance/over,analyze_refined_features.py:analyze_schema/analyze_instance,Feature derivee utilisee par au moins un modele predictif.
array_items_object_properties_max,array_constraints,guidance/over;outlines/under;xgr/over;xgr/under,analyze_refined_features.py:analyze_schema/analyze_instance,Feature derivee utilisee par au moins un modele predictif.
array_items_schema_depth,array_constraints,guidance/over;outlines/under;xgr/over;xgr/under,analyze_refined_features.py:analyze_schema/analyze_instance,Feature derivee utilisee par au moins un modele predictif.
array_length_violation_count,array_constraints,xgr/under,analyze_refined_features.py:analyze_schema/analyze_instance,Feature derivee utilisee par au moins un modele predictif.
array_nested_object_count,instance_shape_values,guidance/over;outlines/under;xgr/over;xgr/under,analyze_refined_features.py:analyze_instance / instance_shape_features,Feature derivee utilisee par au moins un modele predictif.
array_parent_keyword,array_constraints,guidance/over;outlines/under;xgr/over;xgr/under,analyze_refined_features.py:analyze_schema/analyze_instance,Feature derivee utilisee par au moins un modele predictif.
array_target_type,array_constraints,guidance/over;xgr/over,analyze_refined_features.py:analyze_schema/analyze_instance,Feature derivee utilisee par au moins un modele predictif.
array_validation_case,array_constraints,guidance/over;outlines/under;xgr/over;xgr/under,analyze_refined_features.py:analyze_schema/analyze_instance,Feature derivee utilisee par au moins un modele predictif.
branches_have_different_type,combinators,guidance/over;outlines/over;outlines/under;xgr/over;xgr/under,analyze_refined_features.py:analyze_schema/analyze_instance,indicateur binaire : au moins un combinator a des branches heterogenes en type declare.
branches_have_properties,combinators,outlines/over;xgr/over,analyze_refined_features.py:analyze_schema/analyze_instance,indicateur binaire : au moins une branche de combinator contient des `properties`.
branches_have_required,combinators,outlines/over;xgr/over;xgr/under,analyze_refined_features.py:analyze_schema/analyze_instance,indicateur binaire : au moins une branche de combinator contient des champs `required`.
branches_have_same_type,combinators,outlines/over,analyze_refined_features.py:analyze_schema/analyze_instance,indicateur binaire : les branches d'un combinator portent sur le meme type JSON.
branches_with_additionalProperties_count,combinators,guidance/over;outlines/over;outlines/under;xgr/over;xgr/under,analyze_refined_features.py:analyze_schema/analyze_instance,Feature derivee utilisee par au moins un modele predictif.
branches_with_additionalProperties_false_count,combinators,guidance/over;outlines/over;outlines/under;xgr/over;xgr/under,analyze_refined_features.py:analyze_schema/analyze_instance,Feature derivee utilisee par au moins un modele predictif.
branches_with_additionalProperties_ratio,combinators,guidance/over;outlines/over;outlines/under;xgr/over;xgr/under,analyze_refined_features.py:analyze_schema/analyze_instance,Feature derivee utilisee par au moins un modele predictif.
branches_with_additionalProperties_schema_count,combinators,guidance/over;outlines/over;outlines/under;xgr/over;xgr/under,analyze_refined_features.py:analyze_schema/analyze_instance,Feature derivee utilisee par au moins un modele predictif.
branches_with_additionalProperties_true_count,combinators,guidance/over;outlines/over;outlines/under;xgr/over;xgr/under,analyze_refined_features.py:analyze_schema/analyze_instance,Feature derivee utilisee par au moins un modele predictif.
branches_with_not_count,combinators,guidance/over;outlines/over;outlines/under;xgr/over;xgr/under,analyze_refined_features.py:analyze_schema/analyze_instance,Feature derivee utilisee par au moins un modele predictif.
branches_with_not_ratio,combinators,outlines/over;outlines/under;xgr/over;xgr/under,analyze_refined_features.py:analyze_schema/analyze_instance,Feature derivee utilisee par au moins un modele predictif.
branches_with_numeric_count,combinators,guidance/over;outlines/over;outlines/under;xgr/over;xgr/under,analyze_refined_features.py:analyze_schema/analyze_instance,Feature derivee utilisee par au moins un modele predictif.
branches_with_numeric_ratio,combinators,guidance/over;outlines/over;outlines/under;xgr/over;xgr/under,analyze_refined_features.py:analyze_schema/analyze_instance,Feature derivee utilisee par au moins un modele predictif.
branches_with_properties_count,combinators,guidance/over;outlines/over;outlines/under;xgr/over;xgr/under,analyze_refined_features.py:analyze_schema/analyze_instance,Feature derivee utilisee par au moins un modele predictif.
branches_with_properties_ratio,combinators,guidance/over;outlines/over;outlines/under;xgr/over;xgr/under,analyze_refined_features.py:analyze_schema/analyze_instance,Feature derivee utilisee par au moins un modele predictif.
branches_with_required_count,combinators,guidance/over;outlines/over;outlines/under;xgr/over;xgr/under,analyze_refined_features.py:analyze_schema/analyze_instance,nombre total de branches de combinator contenant `required`.
branches_with_required_ratio,combinators,guidance/over;outlines/over;outlines/under;xgr/over;xgr/under,analyze_refined_features.py:analyze_schema/analyze_instance,proportion de branches de combinator contenant `required`.
combinator_branch_count_avg,combinators,outlines/over;xgr/over,analyze_refined_features.py:analyze_schema/analyze_instance,"nombre moyen de branches dans les combinators (`allOf`, `anyOf`, `oneOf`)."
combinator_branch_count_max,combinators,outlines/over;xgr/under,analyze_refined_features.py:analyze_schema/analyze_instance,Feature derivee utilisee par au moins un modele predictif.
combinator_branch_count_min,combinators,outlines/over;xgr/over;xgr/under,analyze_refined_features.py:analyze_schema/analyze_instance,nombre minimum de branches observe dans les combinators du schema.
combinator_count,combinators,guidance/over;outlines/over;outlines/under;xgr/under,analyze_refined_features.py:analyze_schema/analyze_instance,"nombre total de combinators (`allOf`, `anyOf`, `oneOf`) dans le schema."
combinator_depth_avg,combinators,xgr/under,analyze_refined_features.py:analyze_schema/analyze_instance,Feature derivee utilisee par au moins un modele predictif.
combinator_depth_max,combinators,xgr/under,analyze_refined_features.py:analyze_schema/analyze_instance,"profondeur maximale selon la convention interne du script : +2 via `properties`, +2 via une branche de combinator, +1 via `not`, +1 via `items`."
combinator_depth_min,combinators,xgr/under,analyze_refined_features.py:analyze_schema/analyze_instance,Feature derivee utilisee par au moins un modele predictif.
combinator_different_type_count,combinators,guidance/over;outlines/over;outlines/under;xgr/over;xgr/under,analyze_refined_features.py:analyze_schema/analyze_instance,nombre de combinators dont les branches sont heterogenes en type declare.
combinator_different_type_ratio,combinators,guidance/over;outlines/over;outlines/under;xgr/over;xgr/under,analyze_refined_features.py:analyze_schema/analyze_instance,proportion de combinators heterogenes parmi les combinators observes.
combinator_have_additionalProperties_count,combinators,guidance/over;outlines/over;outlines/under;xgr/over;xgr/under,analyze_refined_features.py:analyze_schema/analyze_instance,Feature derivee utilisee par au moins un modele predictif.
combinator_have_not_count,combinators,outlines/over;outlines/under;xgr/over;xgr/under,analyze_refined_features.py:analyze_schema/analyze_instance,Feature derivee utilisee par au moins un modele predictif.
combinator_have_numeric_count,combinators,guidance/over;outlines/over;outlines/under;xgr/over;xgr/under,analyze_refined_features.py:analyze_schema/analyze_instance,Feature derivee utilisee par au moins un modele predictif.
combinator_have_properties_count,combinators,guidance/over;outlines/over;outlines/under;xgr/over;xgr/under,analyze_refined_features.py:analyze_schema/analyze_instance,Feature derivee utilisee par au moins un modele predictif.
combinator_have_required_count,combinators,guidance/over;outlines/over;outlines/under;xgr/over;xgr/under,analyze_refined_features.py:analyze_schema/analyze_instance,nombre de combinators ayant au moins une branche contenant `required`.
combinator_same_type_count,combinators,guidance/over;outlines/over;outlines/under;xgr/over;xgr/under,analyze_refined_features.py:analyze_schema/analyze_instance,nombre de combinators dont les branches sont homogenes en type declare.
combinator_same_type_ratio,combinators,guidance/over;outlines/over;outlines/under;xgr/over;xgr/under,analyze_refined_features.py:analyze_schema/analyze_instance,proportion de combinators homogenes parmi les combinators observes.
combinator_type,combinators,guidance/over;outlines/over;xgr/over;xgr/under,analyze_refined_features.py:analyze_schema/analyze_instance,Feature derivee utilisee par au moins un modele predictif.
combinator_with_additionalProperties,combinators,outlines/over,analyze_refined_features.py:analyze_schema/analyze_instance,Feature derivee utilisee par au moins un modele predictif.
combinator_with_additionalProperties_false,combinators,guidance/over;outlines/over;outlines/under;xgr/over;xgr/under,analyze_refined_features.py:analyze_schema/analyze_instance,indicateur binaire : une branche de combinator contient `additionalProperties: false`.
combinator_with_additionalProperties_schema,combinators,guidance/over;xgr/over;xgr/under,analyze_refined_features.py:analyze_schema/analyze_instance,indicateur binaire : une branche de combinator contient `additionalProperties` sous forme de schema.
combinator_with_additionalProperties_true,combinators,guidance/over;outlines/over;outlines/under;xgr/over;xgr/under,analyze_refined_features.py:analyze_schema/analyze_instance,indicateur binaire : une branche de combinator contient `additionalProperties: true`.
complex_keywords_same_node_avg,schema_complexity,guidance/over;outlines/under;xgr/over;xgr/under,analyze_refined_features.py:analyze_schema/analyze_instance,nombre moyen de mots-cles complexes presents sur un meme noeud du schema.
complex_keywords_same_node_max,schema_complexity,guidance/over;outlines/under;xgr/under,analyze_refined_features.py:analyze_schema/analyze_instance,Feature derivee utilisee par au moins un modele predictif.
const_validation_case,enum_const,xgr/over,analyze_refined_features.py:analyze_schema/analyze_instance,Feature derivee utilisee par au moins un modele predictif.
enum_context_count,enum_const,guidance/over;outlines/under;xgr/over;xgr/under,analyze_refined_features.py:analyze_schema/analyze_instance,nombre de contraintes `enum` dans le schema.
enum_parent_keyword,enum_const,guidance/over;outlines/under;xgr/under,analyze_refined_features.py:analyze_schema/analyze_instance,Feature derivee utilisee par au moins un modele predictif.
enum_size_max,enum_const,guidance/over;outlines/under;xgr/over;xgr/under,analyze_refined_features.py:analyze_schema/analyze_instance,Feature derivee utilisee par au moins un modele predictif.
enum_string_values_count,enum_const,guidance/over;xgr/over;xgr/under,analyze_refined_features.py:analyze_schema/analyze_instance,Feature derivee utilisee par au moins un modele predictif.
enum_target_type,enum_const,guidance/over;outlines/under;xgr/over;xgr/under,analyze_refined_features.py:analyze_schema/analyze_instance,Feature derivee utilisee par au moins un modele predictif.
enum_total_values,enum_const,guidance/over;outlines/under;xgr/over;xgr/under,analyze_refined_features.py:analyze_schema/analyze_instance,Feature derivee utilisee par au moins un modele predictif.
enum_type_match_but_value_mismatch,enum_const,outlines/under;xgr/under,analyze_refined_features.py:analyze_schema/analyze_instance,Feature derivee utilisee par au moins un modele predictif.
enum_validation_case,enum_const,guidance/over;outlines/under;xgr/over;xgr/under,analyze_refined_features.py:analyze_schema/analyze_instance,Feature derivee utilisee par au moins un modele predictif.
enum_value_mismatch_count,enum_const,outlines/under;xgr/under,analyze_refined_features.py:analyze_schema/analyze_instance,Feature derivee utilisee par au moins un modele predictif.
has_allOf,other,outlines/over,analyze_refined_features.py:analyze_schema/analyze_instance,Feature derivee utilisee par au moins un modele predictif.
has_exclusiveMaximum,numeric_constraints,guidance/over;xgr/under,analyze_refined_features.py:analyze_schema/analyze_instance,Feature derivee utilisee par au moins un modele predictif.
has_exclusiveMinimum,numeric_constraints,guidance/over;outlines/under;xgr/under,analyze_refined_features.py:analyze_schema/analyze_instance,Feature derivee utilisee par au moins un modele predictif.
has_maximum,numeric_constraints,guidance/over;outlines/under;xgr/under,analyze_refined_features.py:analyze_schema/analyze_instance,Feature derivee utilisee par au moins un modele predictif.
has_minimum,numeric_constraints,guidance/over;outlines/under;xgr/under,analyze_refined_features.py:analyze_schema/analyze_instance,Feature derivee utilisee par au moins un modele predictif.
has_multipleOf,numeric_constraints,guidance/over;outlines/under;xgr/under,analyze_refined_features.py:analyze_schema/analyze_instance,Feature derivee utilisee par au moins un modele predictif.
has_oneOf,other,outlines/over,analyze_refined_features.py:analyze_schema/analyze_instance,Feature derivee utilisee par au moins un modele predictif.
has_patternProperties,other,outlines/over;xgr/over,analyze_refined_features.py:analyze_schema/analyze_instance,Feature derivee utilisee par au moins un modele predictif.
instance_array_count,instance_shape_values,guidance/over;outlines/under;xgr/over;xgr/under,analyze_refined_features.py:analyze_instance / instance_shape_features,Feature derivee utilisee par au moins un modele predictif.
instance_boolean_count,instance_shape_values,outlines/under;xgr/over;xgr/under,analyze_refined_features.py:analyze_instance / instance_shape_features,Feature derivee utilisee par au moins un modele predictif.
instance_empty_array_count,instance_shape_values,xgr/under,analyze_refined_features.py:analyze_instance / instance_shape_features,Feature derivee utilisee par au moins un modele predictif.
instance_empty_object_count,instance_shape_values,outlines/under;xgr/over;xgr/under,analyze_refined_features.py:analyze_instance / instance_shape_features,Feature derivee utilisee par au moins un modele predictif.
instance_has_int32_boundary_risk,numeric_constraints,guidance/over;outlines/under;xgr/over;xgr/under,analyze_refined_features.py:analyze_schema/analyze_instance,Feature derivee utilisee par au moins un modele predictif.
instance_has_large_integer,numeric_constraints,guidance/over;outlines/under;xgr/over;xgr/under,analyze_refined_features.py:analyze_schema/analyze_instance,Feature derivee utilisee par au moins un modele predictif.
instance_has_unmatched_keys,instance_shape_values,guidance/over;outlines/over,analyze_refined_features.py:analyze_instance / instance_shape_features,Feature derivee utilisee par au moins un modele predictif.
instance_integer_count,instance_shape_values,guidance/over;outlines/under;xgr/over;xgr/under,analyze_refined_features.py:analyze_instance / instance_shape_features,Feature derivee utilisee par au moins un modele predictif.
instance_matching_pattern_keys_count,instance_shape_values,outlines/over;outlines/under;xgr/over;xgr/under,analyze_refined_features.py:analyze_instance / instance_shape_features,nombre de cles de l'instance qui matchent une contrainte `patternProperties`.
instance_max_abs_numeric_value,instance_shape_values,guidance/over;outlines/under;xgr/over;xgr/under,analyze_refined_features.py:analyze_instance / instance_shape_features,plus grande valeur numerique absolue presente dans l'instance testee.
instance_max_array_length,instance_shape_values,guidance/over;outlines/under;xgr/over;xgr/under,analyze_refined_features.py:analyze_instance / instance_shape_features,Feature derivee utilisee par au moins un modele predictif.
instance_max_object_depth,instance_shape_values,guidance/over;outlines/under;xgr/over;xgr/under,analyze_refined_features.py:analyze_instance / instance_shape_features,Feature derivee utilisee par au moins un modele predictif.
instance_nested_array_count,instance_shape_values,xgr/over;xgr/under,analyze_refined_features.py:analyze_instance / instance_shape_features,Feature derivee utilisee par au moins un modele predictif.
instance_null_count,instance_shape_values,outlines/under;xgr/under,analyze_refined_features.py:analyze_instance / instance_shape_features,Feature derivee utilisee par au moins un modele predictif.
instance_num_properties,instance_shape_values,guidance/over;outlines/over;outlines/under;xgr/over;xgr/under,analyze_refined_features.py:analyze_instance / instance_shape_features,nombre de proprietes au premier niveau de l'objet instance.
instance_numeric_value_count,instance_shape_values,guidance/over;outlines/under;xgr/over;xgr/under,analyze_refined_features.py:analyze_instance / instance_shape_features,"nombre de valeurs numeriques presentes dans l'instance testee, entiers et flottants, booleens exclus."
instance_string_count,instance_shape_values,guidance/over;outlines/under;xgr/over;xgr/under,analyze_refined_features.py:analyze_instance / instance_shape_features,Feature derivee utilisee par au moins un modele predictif.
instance_string_max_length,instance_shape_values,guidance/over;outlines/under;xgr/over;xgr/under,analyze_refined_features.py:analyze_instance / instance_shape_features,longueur de la plus grande chaine de caracteres dans l'instance testee.
instance_string_total_length,instance_shape_values,guidance/over;outlines/under;xgr/over;xgr/under,analyze_refined_features.py:analyze_instance / instance_shape_features,somme des longueurs de toutes les chaines de caracteres dans l'instance testee.
instance_total_array_items,instance_shape_values,guidance/over;outlines/under;xgr/over;xgr/under,analyze_refined_features.py:analyze_instance / instance_shape_features,Feature derivee utilisee par au moins un modele predictif.
instance_total_object_properties_recursive,instance_shape_values,guidance/over;outlines/under;xgr/over;xgr/under,analyze_refined_features.py:analyze_instance / instance_shape_features,Feature derivee utilisee par au moins un modele predictif.
logical_complex_keywords_same_node_count,schema_complexity,guidance/over;outlines/under;xgr/over;xgr/under,analyze_refined_features.py:analyze_schema/analyze_instance,"Maximum de mots-cles logiques complexes sur un meme noeud, selon une liste manuelle."
numeric_boundary_case,numeric_constraints,guidance/over;outlines/under;xgr/under,analyze_refined_features.py:analyze_schema/analyze_instance,Feature derivee utilisee par au moins un modele predictif.
numeric_constraints_with_integer_type,numeric_constraints,guidance/over;outlines/under;xgr/under,analyze_refined_features.py:analyze_schema/analyze_instance,Feature derivee utilisee par au moins un modele predictif.
numeric_depth,numeric_constraints,guidance/over;outlines/under;xgr/under,analyze_refined_features.py:analyze_schema/analyze_instance,profondeur maximale ou moyenne des contraintes numeriques dans le schema.
numeric_has_default,numeric_constraints,outlines/under;xgr/under,analyze_refined_features.py:analyze_schema/analyze_instance,Feature derivee utilisee par au moins un modele predictif.
numeric_has_min_and_max,numeric_constraints,guidance/over;outlines/under;xgr/under,analyze_refined_features.py:analyze_schema/analyze_instance,Feature derivee utilisee par au moins un modele predictif.
numeric_is_in_properties,numeric_constraints,guidance/over;outlines/under;xgr/under,analyze_refined_features.py:analyze_schema/analyze_instance,Feature derivee utilisee par au moins un modele predictif.
numeric_keyword_count,numeric_constraints,guidance/over;outlines/under;xgr/under,analyze_refined_features.py:analyze_schema/analyze_instance,Feature derivee utilisee par au moins un modele predictif.
numeric_parent_keyword,numeric_constraints,guidance/over;outlines/under,analyze_refined_features.py:analyze_schema/analyze_instance,Feature derivee utilisee par au moins un modele predictif.
numeric_property_required,numeric_constraints,guidance/over;outlines/under;xgr/under,analyze_refined_features.py:analyze_schema/analyze_instance,Feature derivee utilisee par au moins un modele predictif.
numeric_target_type,numeric_constraints,guidance/over;xgr/under,analyze_refined_features.py:analyze_schema/analyze_instance,Feature derivee utilisee par au moins un modele predictif.
object_additional_properties_case,object_constraints,guidance/over;outlines/under;xgr/over;xgr/under,analyze_refined_features.py:analyze_schema/analyze_instance,Feature derivee utilisee par au moins un modele predictif.
object_complex_keywords_same_node_count,schema_complexity,guidance/over;outlines/under;xgr/over;xgr/under,analyze_refined_features.py:analyze_schema/analyze_instance,"Maximum de mots-cles objet complexes sur un meme noeud, selon une liste manuelle."
object_context_count,object_constraints,guidance/over;outlines/under;xgr/over;xgr/under,analyze_refined_features.py:analyze_schema/analyze_instance,nombre de contextes objet detectes dans le schema.
object_depth_max,object_constraints,guidance/over;outlines/under;xgr/over;xgr/under,analyze_refined_features.py:analyze_schema/analyze_instance,Feature derivee utilisee par au moins un modele predictif.
object_extra_properties_count,object_constraints,guidance/over;outlines/under;xgr/under,analyze_refined_features.py:analyze_schema/analyze_instance,Feature derivee utilisee par au moins un modele predictif.
object_has_minProperties,object_constraints,xgr/under,analyze_refined_features.py:analyze_schema/analyze_instance,Feature derivee utilisee par au moins un modele predictif.
object_has_required_outside_properties,object_constraints,guidance/over;outlines/under;xgr/under,analyze_refined_features.py:analyze_schema/analyze_instance,indicateur binaire : au moins un contexte objet declare un champ `required` absent de `properties`.
object_missing_required_count,object_constraints,outlines/under;xgr/over;xgr/under,analyze_refined_features.py:analyze_schema/analyze_instance,Feature derivee utilisee par au moins un modele predictif.
object_parent_keyword,object_constraints,guidance/over,analyze_refined_features.py:analyze_schema/analyze_instance,Feature derivee utilisee par au moins un modele predictif.
object_properties_count_max,object_constraints,guidance/over;outlines/under;xgr/over;xgr/under,analyze_refined_features.py:analyze_schema/analyze_instance,nombre maximal de proprietes declarees dans un meme objet du schema.
object_property_count_boundary_case,object_constraints,xgr/over;xgr/under,analyze_refined_features.py:analyze_schema/analyze_instance,Feature derivee utilisee par au moins un modele predictif.
object_required_case,object_constraints,guidance/over;outlines/under;xgr/over;xgr/under,analyze_refined_features.py:analyze_schema/analyze_instance,Feature derivee utilisee par au moins un modele predictif.
object_required_count_max,object_constraints,guidance/over;outlines/under;xgr/over;xgr/under,analyze_refined_features.py:analyze_schema/analyze_instance,nombre maximal de champs `required` dans un meme objet du schema.
object_required_subset_invalid_context_count,object_constraints,guidance/over;outlines/under;xgr/under,analyze_refined_features.py:analyze_schema/analyze_instance,nombre de contextes objet ou au moins un champ `required` est absent de `properties`.
object_required_subset_of_properties,object_constraints,guidance/over;outlines/under;xgr/under,analyze_refined_features.py:analyze_schema/analyze_instance,indicateur binaire historique : au moins un contexte objet a ses champs `required` inclus dans `properties`.
object_required_subset_valid_context_count,object_constraints,guidance/over;outlines/under;xgr/under,analyze_refined_features.py:analyze_schema/analyze_instance,nombre de contextes objet ou `required` est non vide et entierement inclus dans `properties`.
object_target_type,object_constraints,guidance/over;outlines/under;xgr/over;xgr/under,analyze_refined_features.py:analyze_schema/analyze_instance,Feature derivee utilisee par au moins un modele predictif.
oneOf_count,combinators,outlines/over,analyze_refined_features.py:analyze_schema/analyze_instance,Feature derivee utilisee par au moins un modele predictif.
oneOf_is_satisfied_for_instance,combinators,guidance/over;outlines/over;outlines/under;xgr/over;xgr/under,analyze_refined_features.py:analyze_schema/analyze_instance,indicateur binaire : toutes les occurrences `oneOf` observees satisfont exactement une branche.
oneOf_occurrence_failed_count,combinators,guidance/over;outlines/over;outlines/under;xgr/over;xgr/under,analyze_refined_features.py:analyze_schema/analyze_instance,Feature derivee utilisee par au moins un modele predictif.
oneOf_occurrence_satisfied_count,combinators,guidance/over;outlines/over;outlines/under;xgr/over;xgr/under,analyze_refined_features.py:analyze_schema/analyze_instance,Feature derivee utilisee par au moins un modele predictif.
oneOf_ratio_avg,combinators,guidance/over;outlines/over;outlines/under;xgr/over;xgr/under,analyze_refined_features.py:analyze_schema/analyze_instance,"moyenne des ratios branches satisfaites / branches totales, calculee occurrence par occurrence pour `oneOf`."
oneOf_ratio_max,combinators,guidance/over;outlines/over;outlines/under;xgr/over;xgr/under,analyze_refined_features.py:analyze_schema/analyze_instance,Feature derivee utilisee par au moins un modele predictif.
oneOf_ratio_min,combinators,guidance/over;outlines/over;outlines/under;xgr/over;xgr/under,analyze_refined_features.py:analyze_schema/analyze_instance,Feature derivee utilisee par au moins un modele predictif.
oneOf_satisfied_all_branch_count,combinators,guidance/over;outlines/over;outlines/under;xgr/over;xgr/under,analyze_refined_features.py:analyze_schema/analyze_instance,Feature derivee utilisee par au moins un modele predictif.
patternProperties_anchor_mix,pattern_properties,outlines/over;outlines/under,analyze_refined_features.py:analyze_schema/analyze_instance,Feature derivee utilisee par au moins un modele predictif.
patternProperties_occurrence_count,pattern_properties,outlines/over,analyze_refined_features.py:analyze_schema/analyze_instance,Feature derivee utilisee par au moins un modele predictif.
patternProperties_pattern_count,pattern_properties,outlines/over;xgr/over,analyze_refined_features.py:analyze_schema/analyze_instance,nombre de patterns declares dans `patternProperties`.
patternProperties_regex_has_anchor,pattern_properties,outlines/over,analyze_refined_features.py:analyze_schema/analyze_instance,Feature derivee utilisee par au moins un modele predictif.
patternProperties_regex_has_dotstar,pattern_properties,outlines/under,analyze_refined_features.py:analyze_schema/analyze_instance,Feature derivee utilisee par au moins un modele predictif.
patternProperties_unanchored_count,pattern_properties,outlines/over,analyze_refined_features.py:analyze_schema/analyze_instance,Feature derivee utilisee par au moins un modele predictif.
patternProperties_with_properties,pattern_properties,outlines/over;outlines/under;xgr/under,analyze_refined_features.py:analyze_schema/analyze_instance,Feature derivee utilisee par au moins un modele predictif.
patternProperties_with_properties_count,pattern_properties,outlines/over;outlines/under;xgr/under,analyze_refined_features.py:analyze_schema/analyze_instance,Nombre de contextes ou patternProperties et properties apparaissent ensemble.
regex_complex_keywords_same_node_count,schema_complexity,guidance/over;outlines/under;xgr/over;xgr/under,analyze_refined_features.py:analyze_schema/analyze_instance,"Maximum de mots-cles regex/string complexes sur un meme noeud, selon une liste manuelle."
required_property_count_total,schema_complexity,guidance/over;outlines/under;xgr/over;xgr/under,analyze_refined_features.py:analyze_schema/analyze_instance,Feature derivee utilisee par au moins un modele predictif.
same_node_combinator_and_properties,other,outlines/under;xgr/under,analyze_refined_features.py:analyze_schema/analyze_instance,Feature derivee utilisee par au moins un modele predictif.
same_node_properties_and_additionalProperties,other,guidance/over;xgr/over;xgr/under,analyze_refined_features.py:analyze_schema/analyze_instance,indicateur binaire : un meme noeud du schema contient a la fois `properties` et `additionalProperties`.
same_node_properties_and_required,other,guidance/over;xgr/under,analyze_refined_features.py:analyze_schema/analyze_instance,Feature derivee utilisee par au moins un modele predictif.
schema_advanced_keyword_count,schema_complexity,outlines/under;xgr/over;xgr/under,analyze_refined_features.py:analyze_schema/analyze_instance,Feature derivee utilisee par au moins un modele predictif.
schema_boolean_schema_count,schema_complexity,outlines/under;xgr/over;xgr/under,analyze_refined_features.py:analyze_schema/analyze_instance,Feature derivee utilisee par au moins un modele predictif.
schema_format_keyword_count,schema_complexity,outlines/under;xgr/over;xgr/under,analyze_refined_features.py:analyze_schema/analyze_instance,Feature derivee utilisee par au moins un modele predictif.
schema_keyword_count,schema_complexity,guidance/over;outlines/under;xgr/over;xgr/under,analyze_refined_features.py:analyze_schema/analyze_instance,Feature derivee utilisee par au moins un modele predictif.
schema_legacy_dependencies_count,schema_complexity,outlines/under;xgr/over,analyze_refined_features.py:analyze_schema/analyze_instance,Nombre d occurrences du mot-cle historique dependencies.
schema_max_depth,schema_complexity,guidance/over;outlines/under;xgr/over;xgr/under,analyze_refined_features.py:analyze_schema/analyze_instance,"Profondeur maximale du schema avec depth(child)=depth(parent)+1, racine a 0."
schema_nullable_type_count,schema_complexity,outlines/under;xgr/over;xgr/under,analyze_refined_features.py:analyze_schema/analyze_instance,Feature derivee utilisee par au moins un modele predictif.
schema_ref_count,schema_complexity,outlines/under;xgr/over;xgr/under,analyze_refined_features.py:analyze_schema/analyze_instance,Feature derivee utilisee par au moins un modele predictif.
schema_total_properties_recursive,schema_complexity,guidance/over;outlines/under;xgr/over;xgr/under,analyze_refined_features.py:analyze_schema/analyze_instance,"nombre total de proprietes declarees dans tout le schema, en comptant recursivement les sous-objets."
schema_type_union_count,schema_complexity,outlines/under;xgr/over;xgr/under,analyze_refined_features.py:analyze_schema/analyze_instance,Feature derivee utilisee par au moins un modele predictif.
string_context_count,string_constraints,guidance/over;outlines/under;xgr/over;xgr/under,analyze_refined_features.py:analyze_schema/analyze_instance,"nombre de contextes string dans le schema, par exemple `type: string`, `pattern`, `minLength`, `maxLength` ou `format`."
string_format_value,string_constraints,guidance/over;outlines/under;xgr/over;xgr/under,analyze_refined_features.py:analyze_schema/analyze_instance,Feature derivee utilisee par au moins un modele predictif.
string_has_maxLength,string_constraints,guidance/over;outlines/under;xgr/under,analyze_refined_features.py:analyze_schema/analyze_instance,Feature derivee utilisee par au moins un modele predictif.
string_has_minLength,string_constraints,guidance/over;outlines/under;xgr/under,analyze_refined_features.py:analyze_schema/analyze_instance,Feature derivee utilisee par au moins un modele predictif.
string_has_min_and_max_length,string_constraints,guidance/over;outlines/under,analyze_refined_features.py:analyze_schema/analyze_instance,Feature derivee utilisee par au moins un modele predictif.
string_length_violation_count,string_constraints,outlines/under;xgr/under,analyze_refined_features.py:analyze_schema/analyze_instance,Feature derivee utilisee par au moins un modele predictif.
string_parent_keyword,string_constraints,guidance/over;outlines/under;xgr/over;xgr/under,analyze_refined_features.py:analyze_schema/analyze_instance,Feature derivee utilisee par au moins un modele predictif.
string_pattern_avg_length,string_constraints,guidance/over;outlines/under;xgr/over;xgr/under,analyze_refined_features.py:analyze_schema/analyze_instance,Feature derivee utilisee par au moins un modele predictif.
string_pattern_complexity_score,string_constraints,guidance/over;outlines/under;xgr/over;xgr/under,analyze_refined_features.py:analyze_schema/analyze_instance,Feature derivee utilisee par au moins un modele predictif.
string_pattern_count,string_constraints,guidance/over;outlines/under;xgr/under,analyze_refined_features.py:analyze_schema/analyze_instance,Feature derivee utilisee par au moins un modele predictif.
string_pattern_has_alternation,string_constraints,xgr/over,analyze_refined_features.py:analyze_schema/analyze_instance,"indicateur binaire : au moins une regex string contient une alternation, par exemple `a|b`."
string_pattern_has_anchor,string_constraints,outlines/under,analyze_refined_features.py:analyze_schema/analyze_instance,Feature derivee utilisee par au moins un modele predictif.
string_pattern_has_charclass,string_constraints,outlines/under;xgr/under,analyze_refined_features.py:analyze_schema/analyze_instance,Feature derivee utilisee par au moins un modele predictif.
string_pattern_has_repetition,string_constraints,outlines/under;xgr/under,analyze_refined_features.py:analyze_schema/analyze_instance,Feature derivee utilisee par au moins un modele predictif.
string_pattern_max_length,string_constraints,guidance/over;outlines/under;xgr/over;xgr/under,analyze_refined_features.py:analyze_schema/analyze_instance,Feature derivee utilisee par au moins un modele predictif.
string_pattern_violation_count,string_constraints,outlines/under;xgr/under,analyze_refined_features.py:analyze_schema/analyze_instance,nombre de valeurs string de l'instance qui violent une contrainte `pattern`.
string_target_type,string_constraints,guidance/over;xgr/under,analyze_refined_features.py:analyze_schema/analyze_instance,Feature derivee utilisee par au moins un modele predictif.
string_validation_case,string_constraints,guidance/over;outlines/under;xgr/over;xgr/under,analyze_refined_features.py:analyze_schema/analyze_instance,Feature derivee utilisee par au moins un modele predictif.
type_mismatch_count,schema_complexity,outlines/under;xgr/under,analyze_refined_features.py:analyze_schema/analyze_instance,Feature derivee utilisee par au moins un modele predictif.
unmatched_key_count_when_additionalProperties_true,object_constraints,outlines/over;xgr/over,analyze_refined_features.py:analyze_schema/analyze_instance,Feature derivee utilisee par au moins un modele predictif.
unmatched_keys_allowed_by_additionalProperties,object_constraints,outlines/over;xgr/over,analyze_refined_features.py:analyze_schema/analyze_instance,nombre de cles de l'instance non declarees dans `properties` mais acceptees via `additionalProperties`.
