model,feature,importance,importance_type
lightgbm_lr0.05_leaves31,instance_string_total_length,1159,feature_importances_
lightgbm_lr0.05_leaves31,instance_string_max_length,504,feature_importances_
lightgbm_lr0.05_leaves31,schema_keyword_count,466,feature_importances_
lightgbm_lr0.05_leaves31,instance_total_object_properties_recursive,353,feature_importances_
lightgbm_lr0.05_leaves31,complex_keywords_same_node_avg,318,feature_importances_
lightgbm_lr0.05_leaves31,type_mismatch_count,260,feature_importances_
lightgbm_lr0.05_leaves31,string_pattern_complexity_score,253,feature_importances_
lightgbm_lr0.05_leaves31,instance_string_count,241,feature_importances_
lightgbm_lr0.05_leaves31,instance_max_abs_numeric_value,226,feature_importances_
lightgbm_lr0.05_leaves31,required_property_count_total,216,feature_importances_
lightgbm_lr0.05_leaves31,string_pattern_violation_count,187,feature_importances_
lightgbm_lr0.05_leaves31,instance_num_properties,181,feature_importances_
lightgbm_lr0.05_leaves31,string_pattern_avg_length,173,feature_importances_
lightgbm_lr0.05_leaves31,string_context_count,161,feature_importances_
lightgbm_lr0.05_leaves31,object_properties_count_max,160,feature_importances_
lightgbm_lr0.05_leaves31,instance_integer_count,156,feature_importances_
lightgbm_lr0.05_leaves31,schema_total_properties_recursive,156,feature_importances_
lightgbm_lr0.05_leaves31,string_length_violation_count,151,feature_importances_
lightgbm_lr0.05_leaves31,numeric_boundary_case_below_min,149,feature_importances_
lightgbm_lr0.05_leaves31,object_additional_properties_case_no_extra_properties,149,feature_importances_
lightgbm_lr0.05_leaves31,enum_total_values,144,feature_importances_
lightgbm_lr0.05_leaves31,instance_numeric_value_count,133,feature_importances_
lightgbm_lr0.05_leaves31,object_required_count_max,116,feature_importances_
lightgbm_lr0.05_leaves31,instance_matching_pattern_keys_count,116,feature_importances_
lightgbm_lr0.05_leaves31,schema_advanced_keyword_count,115,feature_importances_
lightgbm_lr0.05_leaves31,object_extra_properties_count,112,feature_importances_
lightgbm_lr0.05_leaves31,numeric_keyword_count,105,feature_importances_
lightgbm_lr0.05_leaves31,instance_boolean_count,103,feature_importances_
lightgbm_lr0.05_leaves31,object_context_count,102,feature_importances_
lightgbm_lr0.05_leaves31,array_validation_case_inside_array_constraints,90,feature_importances_
lightgbm_lr0.05_leaves31,object_missing_required_count,89,feature_importances_
lightgbm_lr0.05_leaves31,object_required_subset_invalid_context_count,83,feature_importances_
lightgbm_lr0.05_leaves31,schema_legacy_dependencies_count,83,feature_importances_
lightgbm_lr0.05_leaves31,array_validation_case_below_minItems,79,feature_importances_
lightgbm_lr0.05_leaves31,instance_max_object_depth,77,feature_importances_
lightgbm_lr0.05_leaves31,instance_null_count,75,feature_importances_
lightgbm_lr0.05_leaves31,numeric_boundary_case_not_applicable,75,feature_importances_
lightgbm_lr0.05_leaves31,numeric_boundary_case_above_max,71,feature_importances_
lightgbm_lr0.05_leaves31,schema_ref_count,68,feature_importances_
lightgbm_lr0.05_leaves31,string_pattern_has_anchor,66,feature_importances_
lightgbm_lr0.05_leaves31,string_pattern_max_length,64,feature_importances_
lightgbm_lr0.05_leaves31,patternProperties_anchor_mix_none_anchored,62,feature_importances_
lightgbm_lr0.05_leaves31,string_format_value_date-time,58,feature_importances_
lightgbm_lr0.05_leaves31,string_has_minLength,57,feature_importances_
lightgbm_lr0.05_leaves31,numeric_boundary_case_inside_range,57,feature_importances_
lightgbm_lr0.05_leaves31,enum_type_match_but_value_mismatch,55,feature_importances_
lightgbm_lr0.05_leaves31,enum_size_max,55,feature_importances_
lightgbm_lr0.05_leaves31,regex_complex_keywords_same_node_count,54,feature_importances_
lightgbm_lr0.05_leaves31,has_exclusiveMinimum,54,feature_importances_
lightgbm_lr0.05_leaves31,oneOf_ratio_min,54,feature_importances_
lightgbm_lr0.05_leaves31,schema_max_depth,53,feature_importances_
lightgbm_lr0.05_leaves31,string_pattern_count,53,feature_importances_
lightgbm_lr0.05_leaves31,array_nested_object_count,52,feature_importances_
lightgbm_lr0.05_leaves31,string_validation_case_format_present,52,feature_importances_
lightgbm_lr0.05_leaves31,string_format_value_email,52,feature_importances_
lightgbm_lr0.05_leaves31,object_required_subset_valid_context_count,48,feature_importances_
lightgbm_lr0.05_leaves31,string_format_value_uri,48,feature_importances_
lightgbm_lr0.05_leaves31,schema_boolean_schema_count,46,feature_importances_
lightgbm_lr0.05_leaves31,schema_format_keyword_count,45,feature_importances_
lightgbm_lr0.05_leaves31,instance_max_array_length,45,feature_importances_
lightgbm_lr0.05_leaves31,object_depth_max,44,feature_importances_
lightgbm_lr0.05_leaves31,numeric_depth,44,feature_importances_
lightgbm_lr0.05_leaves31,string_validation_case_inside_string_constraints,44,feature_importances_
lightgbm_lr0.05_leaves31,array_invalid_items_count,43,feature_importances_
lightgbm_lr0.05_leaves31,enum_value_mismatch_count,42,feature_importances_
lightgbm_lr0.05_leaves31,additionalProperties_mode_mixed,40,feature_importances_
lightgbm_lr0.05_leaves31,array_items_object_properties_max,39,feature_importances_
lightgbm_lr0.05_leaves31,string_validation_case_pattern_violation,39,feature_importances_
lightgbm_lr0.05_leaves31,numeric_property_required,36,feature_importances_
lightgbm_lr0.05_leaves31,string_has_min_and_max_length,36,feature_importances_
lightgbm_lr0.05_leaves31,array_validation_case_above_maxItems,36,feature_importances_
lightgbm_lr0.05_leaves31,numeric_boundary_case_equal_min,34,feature_importances_
lightgbm_lr0.05_leaves31,numeric_constraints_with_integer_type,32,feature_importances_
lightgbm_lr0.05_leaves31,numeric_has_default,32,feature_importances_
lightgbm_lr0.05_leaves31,oneOf_is_satisfied_for_instance,32,feature_importances_
lightgbm_lr0.05_leaves31,string_parent_keyword_properties,31,feature_importances_
lightgbm_lr0.05_leaves31,patternProperties_with_properties,30,feature_importances_
lightgbm_lr0.05_leaves31,combinator_count,30,feature_importances_
lightgbm_lr0.05_leaves31,object_complex_keywords_same_node_count,29,feature_importances_
lightgbm_lr0.05_leaves31,instance_array_count,29,feature_importances_
lightgbm_lr0.05_leaves31,string_has_maxLength,29,feature_importances_
lightgbm_lr0.05_leaves31,array_validation_case_items_violation,29,feature_importances_
lightgbm_lr0.05_leaves31,instance_empty_object_count,28,feature_importances_
lightgbm_lr0.05_leaves31,array_has_maxItems,28,feature_importances_
lightgbm_lr0.05_leaves31,anyOf_satisfied_all_branch_count,27,feature_importances_
lightgbm_lr0.05_leaves31,oneOf_occurrence_satisfied_count,26,feature_importances_
lightgbm_lr0.05_leaves31,enum_target_type_mixed,26,feature_importances_
lightgbm_lr0.05_leaves31,instance_total_array_items,25,feature_importances_
lightgbm_lr0.05_leaves31,array_context_count,25,feature_importances_
lightgbm_lr0.05_leaves31,enum_target_type_string,25,feature_importances_
lightgbm_lr0.05_leaves31,object_required_case_all_required_present,24,feature_importances_
lightgbm_lr0.05_leaves31,complex_keywords_same_node_max,23,feature_importances_
lightgbm_lr0.05_leaves31,any_visited_type_mismatch,23,feature_importances_
lightgbm_lr0.05_leaves31,branches_with_required_ratio,23,feature_importances_
lightgbm_lr0.05_leaves31,object_required_case_not_applicable,23,feature_importances_
lightgbm_lr0.05_leaves31,enum_target_type_absent,23,feature_importances_
lightgbm_lr0.05_leaves31,schema_nullable_type_count,22,feature_importances_
lightgbm_lr0.05_leaves31,has_multipleOf,22,feature_importances_
lightgbm_lr0.05_leaves31,object_target_type_mixed,22,feature_importances_
lightgbm_lr0.05_leaves31,string_parent_keyword_mixed,21,feature_importances_
lightgbm_lr0.05_leaves31,enum_validation_case_enum_match,21,feature_importances_
lightgbm_lr0.05_leaves31,string_pattern_has_charclass,20,feature_importances_
lightgbm_lr0.05_leaves31,array_items_schema_depth,20,feature_importances_
lightgbm_lr0.05_leaves31,additionalProperties_mode_false,20,feature_importances_
lightgbm_lr0.05_leaves31,schema_type_union_count,19,feature_importances_
lightgbm_lr0.05_leaves31,oneOf_ratio_avg,19,feature_importances_
lightgbm_lr0.05_leaves31,array_parent_keyword_root,19,feature_importances_
lightgbm_lr0.05_leaves31,logical_complex_keywords_same_node_count,18,feature_importances_
lightgbm_lr0.05_leaves31,enum_context_count,18,feature_importances_
lightgbm_lr0.05_leaves31,patternProperties_with_properties_count,18,feature_importances_
lightgbm_lr0.05_leaves31,object_required_subset_of_properties,17,feature_importances_
lightgbm_lr0.05_leaves31,string_format_value_absent,17,feature_importances_
lightgbm_lr0.05_leaves31,additionalProperties_mode_schema,17,feature_importances_
lightgbm_lr0.05_leaves31,additionalProperties_mode_true,17,feature_importances_
lightgbm_lr0.05_leaves31,has_minimum,16,feature_importances_
lightgbm_lr0.05_leaves31,anyOf_occurrence_failed_count,16,feature_importances_
lightgbm_lr0.05_leaves31,string_validation_case_too_short,16,feature_importances_
lightgbm_lr0.05_leaves31,array_has_minItems,15,feature_importances_
lightgbm_lr0.05_leaves31,branches_with_numeric_ratio,15,feature_importances_
lightgbm_lr0.05_leaves31,string_validation_case_not_applicable,15,feature_importances_
lightgbm_lr0.05_leaves31,array_validation_case_not_array,15,feature_importances_
lightgbm_lr0.05_leaves31,object_additional_properties_case_extra_disallowed,15,feature_importances_
lightgbm_lr0.05_leaves31,branches_with_properties_count,14,feature_importances_
lightgbm_lr0.05_leaves31,string_parent_keyword_$defs,14,feature_importances_
lightgbm_lr0.05_leaves31,combinator_different_type_ratio,13,feature_importances_
lightgbm_lr0.05_leaves31,anyOf_ratio_max,13,feature_importances_
lightgbm_lr0.05_leaves31,object_has_required_outside_properties,12,feature_importances_
lightgbm_lr0.05_leaves31,string_pattern_has_repetition,12,feature_importances_
lightgbm_lr0.05_leaves31,string_format_value_date,12,feature_importances_
lightgbm_lr0.05_leaves31,same_node_combinator_and_properties,10,feature_importances_
lightgbm_lr0.05_leaves31,patternProperties_regex_has_dotstar,10,feature_importances_
lightgbm_lr0.05_leaves31,anyOf_branch_count,9,feature_importances_
lightgbm_lr0.05_leaves31,object_required_case_missing_required,9,feature_importances_
lightgbm_lr0.05_leaves31,numeric_parent_keyword_mixed,9,feature_importances_
lightgbm_lr0.05_leaves31,has_maximum,8,feature_importances_
lightgbm_lr0.05_leaves31,oneOf_occurrence_failed_count,8,feature_importances_
lightgbm_lr0.05_leaves31,additionalProperties_mode_absent,8,feature_importances_
lightgbm_lr0.05_leaves31,numeric_parent_keyword_$defs,8,feature_importances_
lightgbm_lr0.05_leaves31,branches_have_different_type,7,feature_importances_
lightgbm_lr0.05_leaves31,patternProperties_anchor_mix_absent,7,feature_importances_
lightgbm_lr0.05_leaves31,enum_parent_keyword_properties,7,feature_importances_
lightgbm_lr0.05_leaves31,combinator_same_type_count,6,feature_importances_
lightgbm_lr0.05_leaves31,string_format_value_mixed,6,feature_importances_
lightgbm_lr0.05_leaves31,branches_with_properties_ratio,5,feature_importances_
lightgbm_lr0.05_leaves31,object_additional_properties_case_extra_allowed_or_absent,5,feature_importances_
lightgbm_lr0.05_leaves31,numeric_parent_keyword_absent,5,feature_importances_
lightgbm_lr0.05_leaves31,numeric_parent_keyword_properties,5,feature_importances_
lightgbm_lr0.05_leaves31,enum_validation_case_enum_mismatch,5,feature_importances_
lightgbm_lr0.05_leaves31,numeric_has_min_and_max,4,feature_importances_
lightgbm_lr0.05_leaves31,combinator_have_properties_count,4,feature_importances_
lightgbm_lr0.05_leaves31,combinator_have_numeric_count,4,feature_importances_
lightgbm_lr0.05_leaves31,allOf_occurrence_failed_count,4,feature_importances_
lightgbm_lr0.05_leaves31,allOf_ratio_avg,4,feature_importances_
lightgbm_lr0.05_leaves31,oneOf_ratio_max,4,feature_importances_
lightgbm_lr0.05_leaves31,array_validation_case_not_applicable,4,feature_importances_
lightgbm_lr0.05_leaves31,array_parent_keyword_properties,4,feature_importances_
lightgbm_lr0.05_leaves31,object_target_type_object,4,feature_importances_
lightgbm_lr0.05_leaves31,enum_validation_case_not_applicable,4,feature_importances_
lightgbm_lr0.05_leaves31,instance_has_large_integer,3,feature_importances_
lightgbm_lr0.05_leaves31,allOf_is_satisfied_for_instance,3,feature_importances_
lightgbm_lr0.05_leaves31,anyOf_is_satisfied_for_instance,3,feature_importances_
lightgbm_lr0.05_leaves31,anyOf_ratio_avg,3,feature_importances_
lightgbm_lr0.05_leaves31,string_validation_case_not_string,3,feature_importances_
lightgbm_lr0.05_leaves31,object_target_type_absent,3,feature_importances_
lightgbm_lr0.05_leaves31,numeric_is_in_properties,2,feature_importances_
lightgbm_lr0.05_leaves31,combinator_different_type_count,2,feature_importances_
lightgbm_lr0.05_leaves31,branches_with_numeric_count,2,feature_importances_
lightgbm_lr0.05_leaves31,branches_with_additionalProperties_ratio,2,feature_importances_
lightgbm_lr0.05_leaves31,anyOf_occurrence_satisfied_count,2,feature_importances_
lightgbm_lr0.05_leaves31,object_additional_properties_case_not_applicable,2,feature_importances_
lightgbm_lr0.05_leaves31,string_parent_keyword_absent,2,feature_importances_
lightgbm_lr0.05_leaves31,string_parent_keyword_items,2,feature_importances_
lightgbm_lr0.05_leaves31,patternProperties_anchor_mix_all_anchored,2,feature_importances_
lightgbm_lr0.05_leaves31,array_parent_keyword_$defs,2,feature_importances_
lightgbm_lr0.05_leaves31,array_parent_keyword_absent,2,feature_importances_
lightgbm_lr0.05_leaves31,array_parent_keyword_mixed,2,feature_importances_
lightgbm_lr0.05_leaves31,enum_parent_keyword_absent,2,feature_importances_
lightgbm_lr0.05_leaves31,combinator_same_type_ratio,1,feature_importances_
lightgbm_lr0.05_leaves31,combinator_have_required_count,1,feature_importances_
lightgbm_lr0.05_leaves31,branches_with_additionalProperties_count,1,feature_importances_
lightgbm_lr0.05_leaves31,allOf_occurrence_satisfied_count,1,feature_importances_
lightgbm_lr0.05_leaves31,anyOf_ratio_min,1,feature_importances_
lightgbm_lr0.05_leaves31,instance_has_int32_boundary_risk,0,feature_importances_
lightgbm_lr0.05_leaves31,combinator_have_not_count,0,feature_importances_
lightgbm_lr0.05_leaves31,combinator_have_additionalProperties_count,0,feature_importances_
lightgbm_lr0.05_leaves31,branches_with_required_count,0,feature_importances_
lightgbm_lr0.05_leaves31,branches_with_not_count,0,feature_importances_
lightgbm_lr0.05_leaves31,branches_with_additionalProperties_true_count,0,feature_importances_
lightgbm_lr0.05_leaves31,branches_with_additionalProperties_false_count,0,feature_importances_
lightgbm_lr0.05_leaves31,branches_with_not_ratio,0,feature_importances_
lightgbm_lr0.05_leaves31,combinator_with_additionalProperties_true,0,feature_importances_
lightgbm_lr0.05_leaves31,combinator_with_additionalProperties_false,0,feature_importances_
lightgbm_lr0.05_leaves31,allOf_ratio_min,0,feature_importances_
lightgbm_lr0.05_leaves31,allOf_ratio_max,0,feature_importances_
lightgbm_lr0.05_leaves31,numeric_boundary_case_equal_max,0,feature_importances_
lightgbm_lr0.05_leaves31,numeric_boundary_case_multiple_ok,0,feature_importances_
lightgbm_lr0.05_leaves31,numeric_boundary_case_multiple_violation,0,feature_importances_
lightgbm_lr0.05_leaves31,string_validation_case_too_long,0,feature_importances_
lightgbm_lr0.05_leaves31,string_format_value_checkbox,0,feature_importances_
lightgbm_lr0.05_leaves31,string_format_value_int64,0,feature_importances_
lightgbm_lr0.05_leaves31,string_format_value_jsonschema,0,feature_importances_
lightgbm_lr0.05_leaves31,string_format_value_slug,0,feature_importances_
lightgbm_lr0.05_leaves31,string_format_value_table,0,feature_importances_
lightgbm_lr0.05_leaves31,string_format_value_tabs,0,feature_importances_
lightgbm_lr0.05_leaves31,string_format_value_tas-fileUpload,0,feature_importances_
lightgbm_lr0.05_leaves31,string_format_value_timestamp,0,feature_importances_
lightgbm_lr0.05_leaves31,string_format_value_url,0,feature_importances_
lightgbm_lr0.05_leaves31,string_format_value_uuid,0,feature_importances_
lightgbm_lr0.05_leaves31,object_additional_properties_case_extra_validated_by_schema,0,feature_importances_
lightgbm_lr0.05_leaves31,string_parent_keyword_additionalProperties,0,feature_importances_
lightgbm_lr0.05_leaves31,string_parent_keyword_anyOf,0,feature_importances_
lightgbm_lr0.05_leaves31,string_parent_keyword_oneOf,0,feature_importances_
lightgbm_lr0.05_leaves31,string_parent_keyword_patternProperties,0,feature_importances_
lightgbm_lr0.05_leaves31,string_parent_keyword_root,0,feature_importances_
lightgbm_lr0.05_leaves31,object_required_case_not_object,0,feature_importances_
lightgbm_lr0.05_leaves31,enum_target_type_boolean,0,feature_importances_
lightgbm_lr0.05_leaves31,enum_target_type_integer,0,feature_importances_
lightgbm_lr0.05_leaves31,enum_target_type_number,0,feature_importances_
lightgbm_lr0.05_leaves31,enum_target_type_other,0,feature_importances_
lightgbm_lr0.05_leaves31,patternProperties_anchor_mix_mixed,0,feature_importances_
lightgbm_lr0.05_leaves31,numeric_parent_keyword_anyOf,0,feature_importances_
lightgbm_lr0.05_leaves31,numeric_parent_keyword_items,0,feature_importances_
lightgbm_lr0.05_leaves31,numeric_parent_keyword_oneOf,0,feature_importances_
lightgbm_lr0.05_leaves31,numeric_parent_keyword_root,0,feature_importances_
lightgbm_lr0.05_leaves31,array_parent_keyword_anyOf,0,feature_importances_
lightgbm_lr0.05_leaves31,array_parent_keyword_not,0,feature_importances_
lightgbm_lr0.05_leaves31,array_parent_keyword_oneOf,0,feature_importances_
lightgbm_lr0.05_leaves31,array_parent_keyword_other,0,feature_importances_
lightgbm_lr0.05_leaves31,array_parent_keyword_patternProperties,0,feature_importances_
lightgbm_lr0.05_leaves31,object_target_type_array,0,feature_importances_
lightgbm_lr0.05_leaves31,object_target_type_other,0,feature_importances_
lightgbm_lr0.05_leaves31,object_target_type_string,0,feature_importances_
lightgbm_lr0.05_leaves31,enum_parent_keyword_$defs,0,feature_importances_
lightgbm_lr0.05_leaves31,enum_parent_keyword_additionalProperties,0,feature_importances_
lightgbm_lr0.05_leaves31,enum_parent_keyword_anyOf,0,feature_importances_
lightgbm_lr0.05_leaves31,enum_parent_keyword_items,0,feature_importances_
lightgbm_lr0.05_leaves31,enum_parent_keyword_mixed,0,feature_importances_
lightgbm_lr0.05_leaves31,enum_parent_keyword_not,0,feature_importances_
lightgbm_lr0.05_leaves31,enum_parent_keyword_oneOf,0,feature_importances_
lightgbm_lr0.05_leaves31,enum_parent_keyword_root,0,feature_importances_
